mora	voice	failed	tile_heard	splice_heard	path
さ	Chirp3-HD-Despina	tile	ざざざ→ざざざ | ざざざざ→ざざざざ | ざざざざざざ→ざざざざざざ	次のひらがなをよく聞いてくださいさ 聞こえましたか→つぎのひらがなをよく’きいてくださいさ、き’こえまし’たか [さ×2/carrier×1] | 次のひらがなをよく聞いてください さあ 聞こえましたか→つぎのひらがなをよく’きいてください、さ、き’こえまし’たか [さ×2/carrier×1]	audio/a/さ/Chirp3-HD-Despina.wav
さ	Chirp3-HD-Pulcherrima	splice	ささ→ささ	次のひらがなをよく聞いてください→つぎのひらがなをよく’きいてください [さ×1/carrier×1] | 次のひらがなをよく聴いてください→つぎのひらがなをよく’きいてください [さ×1/carrier×1] | 次のひらがなをよく聞いてくださいか→つぎのひらがなをよく’きいてくださいか [さ×1/carrier×1]	audio/a/さ/Chirp3-HD-Pulcherrima.wav
ざ	Chirp3-HD-Autonoe	splice	ざざ→ざざ | ざ→ざ | ざざざざざ→ざざざざざ	次のひらがなをよく聞いてください→つぎのひらがなをよく’きいてください [ざ×0/carrier×0] | 次のひらがなをよく聞いてくださいか→つぎのひらがなをよく’きいてくださいか [ざ×0/carrier×0] | 次のひらがなをよく聴いてください→つぎのひらがなをよく’きいてください [ざ×0/carrier×0]	audio/a/ざ/Chirp3-HD-Autonoe.wav
しゃ	Chirp3-HD-Erinome	splice	しゃ→しゃ | しゃしゃ→しゃしゃ	次のひらがなをよく聞いてください聞こえましたか→つぎのひらがなをよく’きいてくださいき’こえまし’たか [しゃ×0/carrier×0] | 次のひらがなをよく聴いてください聞こえましたか→つぎのひらがなをよく’きいてくださいき’こえまし’たか [しゃ×0/carrier×0] | 次のひらがなをよく聞いて下さい 聞こえましたか→つぎのひらがなをよく’きいてください、き’こえまし’たか [しゃ×0/carrier×0]	audio/a/しゃ/Chirp3-HD-Erinome.wav
しゃ	Chirp3-HD-Kore	splice	しゃさ→しゃさ | しゃちゃ→しゃちゃ | しゃチャ→しゃちゃ	次のひらがなをよく聞いてくださいさ 聞こえましたか→つぎのひらがなをよく’きいてくださいさ、き’こえまし’たか [しゃ×0/carrier×0] | 次のひらがなをよく聴いてくださいさ 聞こえましたか→つぎのひらがなをよく’きいてくださいさ、き’こえまし’たか [しゃ×0/carrier×0] | 次のひらがなをよく聞いてください さあ 聞こえましたか→つぎのひらがなをよく’きいてください、さ、き’こえまし’たか [しゃ×0/carrier×0]	audio/a/しゃ/Chirp3-HD-Kore.wav
しゃ	Chirp3-HD-Sadachbia	tile,splice	ささ→ささ | さあさあ→さあさあ | ささあ→ささあ	次のひらがなをよく聴いてください さあ 聞こえましたか→つぎのひらがなをよく’きいてください、さ、き’こえまし’たか [しゃ×0/carrier×0] | 次のひらがなをよく聞いてください さあ 聞こえましたか→つぎのひらがなをよく’きいてください、さ、き’こえまし’たか [しゃ×0/carrier×0]	audio/a/しゃ/Chirp3-HD-Sadachbia.wav
しゃ	Chirp3-HD-Zephyr	tile,splice	33→33 | ささ→ささ	次のひらがなをよく聞いてください さあ 聞こえましたか→つぎのひらがなをよく’きいてください、さ、き’こえまし’たか [しゃ×0/carrier×0]	audio/a/しゃ/Chirp3-HD-Zephyr.wav
ちゃ	Chirp3-HD-Achernar	tile,splice	じゃじゃじゃじゃ→じゃじゃじゃじゃ | じゃじゃじゃ→じゃじゃじゃ | じゃじゃ→じゃじゃ	次のひらがなをよく聞いてください じゃ聞こえましたか→つぎのひらがなをよく’きいてください、じゃき’こえまし’たか [ちゃ×0/carrier×0] | 次のひらがなをよく聞いてください じゃあ聞こえましたか→つぎのひらがなをよく’きいてください、じゃき’こえまし’たか [ちゃ×0/carrier×0] | 次のひらがなをよく聞いてください じゃ聞えましたか→つぎのひらがなをよく’きいてください、じゃき’こえまし’たか [ちゃ×0/carrier×0]	audio/a/ちゃ/Chirp3-HD-Achernar.wav
ちゃ	Chirp3-HD-Achird	tile,splice	じゃじゃじゃじゃ→じゃじゃじゃじゃ | じゃじゃじゃ→じゃじゃじゃ	次のひらがなをよく聞いてください じゃ聞こえましたか→つぎのひらがなをよく’きいてください、じゃき’こえまし’たか [ちゃ×0/carrier×0]	audio/a/ちゃ/Chirp3-HD-Achird.wav
ちゃ	Chirp3-HD-Callirrhoe	tile,splice	じゃじゃじゃじゃ→じゃじゃじゃじゃ | じゃじゃじゃじゃじゃじゃ→じゃじゃじゃじゃじゃじゃ | じゃじゃじゃじゃじゃ→じゃじゃじゃじゃじゃ	次のひらがなをよく聞いてください じゃ聞こえましたか→つぎのひらがなをよく’きいてください、じゃき’こえまし’たか [ちゃ×0/carrier×0] | 次のひらがなをよく聴いてください じゃ聞こえましたか→つぎのひらがなをよく’きいてください、じゃき’こえまし’たか [ちゃ×0/carrier×0]	audio/a/ちゃ/Chirp3-HD-Callirrhoe.wav
ちゃ	Chirp3-HD-Fenrir	tile	じゃじゃんじゃん→じゃじゃんじゃん | じゃじゃじゃ→じゃじゃじゃ | じゃジャンジャン→じゃじゃんじゃん	次のひらがなをよく聞いてください ちゃん聞こえましたか→つぎのひらがなをよく’きいてください、ちゃんき’こえまし’たか [ちゃ×1/carrier×0]	audio/a/ちゃ/Chirp3-HD-Fenrir.wav
ちゃ	Chirp3-HD-Gacrux	tile	じゃじゃじゃじゃ→じゃじゃじゃじゃ	次のひらがなをよく聞いてください じゃ聞こえましたか→つぎのひらがなをよく’きいてください、じゃき’こえまし’たか [ちゃ×0/carrier×0] | 次のひらがなをよく聞いてくださいちゃ 聞こえましたか→つぎのひらがなをよく’きいてくださいちゃ、き’こえまし’たか [ちゃ×1/carrier×0] | 次のひらがなをよく聞いてください じゃ聞えましたか→つぎのひらがなをよく’きいてください、じゃき’こえまし’たか [ちゃ×0/carrier×0]	audio/a/ちゃ/Chirp3-HD-Gacrux.wav
ちゃ	Chirp3-HD-Kore	tile,splice	じゃじゃじゃじゃ→じゃじゃじゃじゃ | じゃじゃじゃじゃじゃ→じゃじゃじゃじゃじゃ | じゃじゃじゃ→じゃじゃじゃ	次のひらがなをよく聞いてください じゃ聞こえましたか→つぎのひらがなをよく’きいてください、じゃき’こえまし’たか [ちゃ×0/carrier×0] | 次のひらがなをよく聴いてください じゃ聞こえましたか→つぎのひらがなをよく’きいてください、じゃき’こえまし’たか [ちゃ×0/carrier×0]	audio/a/ちゃ/Chirp3-HD-Kore.wav
ちゃ	Chirp3-HD-Laomedeia	tile,splice	じゃあじゃあじゃあじゃあ→じゃあじゃあじゃあじゃあ | じゃあじゃあじゃあ→じゃあじゃあじゃあ | じゃあじゃあじゃあじゃあじゃあ→じゃあじゃあじゃあじゃあじゃあ	次のひらがなをよく聞いてください じゃあ聞こえましたか→つぎのひらがなをよく’きいてください、じゃき’こえまし’たか [ちゃ×0/carrier×0] | 次のひらがなをよく聞いてください じゃ聞こえましたか→つぎのひらがなをよく’きいてください、じゃき’こえまし’たか [ちゃ×0/carrier×0] | 次のひらがなをよく聞いてください じゃ聞えましたか→つぎのひらがなをよく’きいてください、じゃき’こえまし’たか [ちゃ×0/carrier×0]	audio/a/ちゃ/Chirp3-HD-Laomedeia.wav
ちゃ	Chirp3-HD-Orus	tile,splice	じゃあじゃあじゃあ→じゃあじゃあじゃあ | じゃあじゃあ→じゃあじゃあ	次のひらがなをよく聞いてください じゃあ聞こえましたか→つぎのひらがなをよく’きいてください、じゃき’こえまし’たか [ちゃ×0/carrier×0] | 次のひらがなをよく聞いてください じゃ聞こえましたか→つぎのひらがなをよく’きいてください、じゃき’こえまし’たか [ちゃ×0/carrier×0] | 次のひらがなをよく聞いてください→つぎのひらがなをよく’きいてください [ちゃ×0/carrier×0]	audio/a/ちゃ/Chirp3-HD-Orus.wav
ちゃ	Chirp3-HD-Puck	tile,splice	じゃじゃじゃじゃ→じゃじゃじゃじゃ | じゃじゃじゃじゃじゃじゃ→じゃじゃじゃじゃじゃじゃ | じゃじゃじゃじゃじゃじゃじゃ→じゃじゃじゃじゃじゃじゃじゃ	次のひらがなをよく聞いてください じゃ聞こえましたか→つぎのひらがなをよく’きいてください、じゃき’こえまし’たか [ちゃ×0/carrier×0]	audio/a/ちゃ/Chirp3-HD-Puck.wav
ちゃ	Chirp3-HD-Sadachbia	tile	じゃあじゃあじゃあ→じゃあじゃあじゃあ | じゃあじゃあじゃあじゃあ→じゃあじゃあじゃあじゃあ | じゃあじゃあ→じゃあじゃあ	次のひらがなをよく聴いてくださいちゃ 聞こえましたか→つぎのひらがなをよく’きいてくださいちゃ、き’こえまし’たか [ちゃ×1/carrier×0] | 次のひらがなをよく聞いてくださいちゃ 聞こえましたか→つぎのひらがなをよく’きいてくださいちゃ、き’こえまし’たか [ちゃ×1/carrier×0] | 次のひらがなをよく聴いてください じゃあ聞こえましたか→つぎのひらがなをよく’きいてください、じゃき’こえまし’たか [ちゃ×0/carrier×0]	audio/a/ちゃ/Chirp3-HD-Sadachbia.wav
ちゃ	Chirp3-HD-Sadaltager	tile	じゃじゃじゃじゃ→じゃじゃじゃじゃ | じゃじゃじゃ→じゃじゃじゃ | じゃじゃじゃじゃじゃ→じゃじゃじゃじゃじゃ	次のひらがなをよく聞いてください チャ聞こえましたか→つぎのひらがなをよく’きいてください、ちゃき’こえまし’たか [ちゃ×1/carrier×0] | 次のひらがなをよく聞いてくださいちゃ 聞こえましたか→つぎのひらがなをよく’きいてくださいちゃ、き’こえまし’たか [ちゃ×1/carrier×0] | 次のひらがなをよく聞いてください じゃ聞こえましたか→つぎのひらがなをよく’きいてください、じゃき’こえまし’たか [ちゃ×0/carrier×0]	audio/a/ちゃ/Chirp3-HD-Sadaltager.wav
ちゃ	Chirp3-HD-Umbriel	tile,splice	じゃじゃじゃじゃ→じゃじゃじゃじゃ | じゃじゃじゃ→じゃじゃじゃ | じゃじゃじゃじゃじゃじゃじゃじゃ→じゃじゃじゃじゃじゃじゃじゃじゃ	次のひらがなをよく聞いてください じゃ聞こえましたか→つぎのひらがなをよく’きいてください、じゃき’こえまし’たか [ちゃ×0/carrier×0]	audio/a/ちゃ/Chirp3-HD-Umbriel.wav
ちゃ	Chirp3-HD-Vindemiatrix	tile	じゃあじゃあ→じゃあじゃあ | じゃあじゃあじゃあ→じゃあじゃあじゃあ	次のひらがなをよく聞いてください じゃあ聞こえましたか→つぎのひらがなをよく’きいてください、じゃき’こえまし’たか [ちゃ×0/carrier×0] | 次のひらがなをよく聞いてくださいちゃ 聞こえましたか→つぎのひらがなをよく’きいてくださいちゃ、き’こえまし’たか [ちゃ×1/carrier×0] | 次のひらがなをよく聞いてください ちゃあ聞こえましたか→つぎのひらがなをよく’きいてください、ちゃき’こえまし’たか [ちゃ×1/carrier×0]	audio/a/ちゃ/Chirp3-HD-Vindemiatrix.wav
ちゃ	Neural2-B	tile	じゃじゃじゃじゃ→じゃじゃじゃじゃ | じゃじゃじゃじゃじゃ→じゃじゃじゃじゃじゃ | じゃじゃじゃじゃじゃじゃ→じゃじゃじゃじゃじゃじゃ	次のひらがなをよく聴いてください じゃ聞こえましたか→つぎのひらがなをよく’きいてください、じゃき’こえまし’たか [ちゃ×0/carrier×0] | 次のひらがなをよく聞いてください じゃ聞こえましたか→つぎのひらがなをよく’きいてください、じゃき’こえまし’たか [ちゃ×0/carrier×0] | 次のひらがなをよく聴いてくださいちゃ 聞こえましたか→つぎのひらがなをよく’きいてくださいちゃ、き’こえまし’たか [ちゃ×1/carrier×0]	audio/a/ちゃ/Neural2-B.wav
ちゃ	Standard-A	tile,splice	じゃじゃじゃじゃ→じゃじゃじゃじゃ | じゃじゃじゃ→じゃじゃじゃ | じゃじゃじゃじゃじゃじゃ→じゃじゃじゃじゃじゃじゃ	次のひらがなをよく聞いてください じゃ聞こえましたか→つぎのひらがなをよく’きいてください、じゃき’こえまし’たか [ちゃ×0/carrier×0] | 次のひらがなをよく聴いてください じゃ聞こえましたか→つぎのひらがなをよく’きいてください、じゃき’こえまし’たか [ちゃ×0/carrier×0]	audio/a/ちゃ/Standard-A.wav
ちゃ	Wavenet-A	tile	じゃじゃじゃじゃ→じゃじゃじゃじゃ | じゃじゃじゃじゃじゃ→じゃじゃじゃじゃじゃ | じゃじゃじゃじゃじゃじゃ→じゃじゃじゃじゃじゃじゃ	次のひらがなをよく聴いてください じゃ聞こえましたか→つぎのひらがなをよく’きいてください、じゃき’こえまし’たか [ちゃ×0/carrier×0] | 次のひらがなをよく聞いてください じゃ聞こえましたか→つぎのひらがなをよく’きいてください、じゃき’こえまし’たか [ちゃ×0/carrier×0] | 次のひらがなをよく聴いてくださいちゃ 聞こえましたか→つぎのひらがなをよく’きいてくださいちゃ、き’こえまし’たか [ちゃ×1/carrier×0]	audio/a/ちゃ/Wavenet-A.wav
しょ	Chirp3-HD-Achernar	splice	小青→しょあお	次のひらがなをよく聞いてください 笑 聞こえましたか→つぎのひらがなをよく’きいてください、わらい、き’こえまし’たか [しょ×0/carrier×0] | 次のひらがなをよく聞いてください 笑 聴こえましたか→つぎのひらがなをよく’きいてください、わらい、き’こえまし’たか [しょ×0/carrier×0]	audio/o/しょ/Chirp3-HD-Achernar.wav
しょ	Chirp3-HD-Algenib	splice	(empty)	次のひらがなをよく聞いてください 笑 聞こ 聞こえましたか→つぎのひらがなをよく’きいてください、わらい、き’こ、き’こえまし’たか [しょ×0/carrier×0] | 次のひらがなをよく聞いてください 笑 聞こえましたか→つぎのひらがなをよく’きいてください、わらい、き’こえまし’たか [しょ×0/carrier×0] | 次のひらがなをよく聞いてください 笑 聴こえましたか→つぎのひらがなをよく’きいてください、わらい、き’こえまし’たか [しょ×0/carrier×0]	audio/o/しょ/Chirp3-HD-Algenib.wav
しょ	Chirp3-HD-Aoede	tile,splice	笑笑→わらわら | 笑笑笑→わらわらわらい	次のひらがなをよく聞いてください 笑 聞こえましたか→つぎのひらがなをよく’きいてください、わらい、き’こえまし’たか [しょ×0/carrier×0] | 次のひらがなをよく聴いてください 笑 聞こえましたか→つぎのひらがなをよく’きいてください、わらい、き’こえまし’たか [しょ×0/carrier×0] | 次のひらがなをよく聞いてください 笑 聞こ 聞こえましたか→つぎのひらがなをよく’きいてください、わらい、き’こ、き’こえまし’たか [しょ×0/carrier×0]	audio/o/しょ/Chirp3-HD-Aoede.wav
しょ	Chirp3-HD-Autonoe	splice	しょしょしょしょしょしょしょしょしょ→しょしょしょしょしょしょしょしょしょ | しょしょしょしょしょしょしょしょしょしょ→しょしょしょしょしょしょしょしょしょしょ | しょしょしょしょしょしょしょしょ→しょしょしょしょしょしょしょしょ	次のひらがなをよく聞いてください 笑 聞こえましたか→つぎのひらがなをよく’きいてください、わらい、き’こえまし’たか [しょ×0/carrier×0] | 次のひらがなをよく聞いてください 笑 聴こえましたか→つぎのひらがなをよく’きいてください、わらい、き’こえまし’たか [しょ×0/carrier×0] | 次のひらがなをよく聴いてください 笑 聞こえましたか→つぎのひらがなをよく’きいてください、わらい、き’こえまし’たか [しょ×0/carrier×0]	audio/o/しょ/Chirp3-HD-Autonoe.wav
しょ	Chirp3-HD-Callirrhoe	splice	しょしょ→しょしょ | しょしょしょ→しょしょしょ | しょしょしょしょ→しょしょしょしょ	次のひらがなをよく聞いてください 笑 聞こえましたか→つぎのひらがなをよく’きいてください、わらい、き’こえまし’たか [しょ×0/carrier×0] | 次のひらがなをよく聴いてください 笑 聞こえましたか→つぎのひらがなをよく’きいてください、わらい、き’こえまし’たか [しょ×0/carrier×0]	audio/o/しょ/Chirp3-HD-Callirrhoe.wav
しょ	Chirp3-HD-Charon	splice	しょうしょうしょうしょうしょうしょう→しょうしょうしょうしょうしょうしょう | しょうしょうしょうしょうしょうし→しょうしょうしょうしょうしょうし | しょうしょうしょうしょうしょうしょうし→しょうしょうしょうしょうしょうしょうし	次のひらがなをよく聞いてください 笑 聞こえましたか→つぎのひらがなをよく’きいてください、わらい、き’こえまし’たか [しょ×0/carrier×0] | 次のひらがなをよく聞いてください→つぎのひらがなをよく’きいてください [しょ×0/carrier×0] | 次のひらがなをよく聞いてください 笑 聴こえましたか→つぎのひらがなをよく’きいてください、わらい、き’こえまし’たか [しょ×0/carrier×0]	audio/o/しょ/Chirp3-HD-Charon.wav
しょ	Chirp3-HD-Despina	tile,splice	笑笑→わらわら | 笑笑笑→わらわらわらい	次のひらがなをよく聞いてください 笑 聞こえましたか→つぎのひらがなをよく’きいてください、わらい、き’こえまし’たか [しょ×0/carrier×0] | 次のひらがなをよく聴いてください 笑 聞こえましたか→つぎのひらがなをよく’きいてください、わらい、き’こえまし’たか [しょ×0/carrier×0]	audio/o/しょ/Chirp3-HD-Despina.wav
しょ	Chirp3-HD-Enceladus	splice	(empty)	次のひらがなをよく聞いてください 笑 聞こえましたか→つぎのひらがなをよく’きいてください、わらい、き’こえまし’たか [しょ×0/carrier×0] | 次のひらがなをよく聞いてください 笑 聞こ 聞こえましたか→つぎのひらがなをよく’きいてください、わらい、き’こ、き’こえまし’たか [しょ×0/carrier×0]	audio/o/しょ/Chirp3-HD-Enceladus.wav
しょ	Chirp3-HD-Fenrir	tile,splice	笑笑→わらわら | 笑笑笑→わらわらわらい	次のひらがなをよく聞いてください 笑 聞こえましたか→つぎのひらがなをよく’きいてください、わらい、き’こえまし’たか [しょ×0/carrier×0] | 次のひらがなをよく聴いてください 笑 聞こえましたか→つぎのひらがなをよく’きいてください、わらい、き’こえまし’たか [しょ×0/carrier×0]	audio/o/しょ/Chirp3-HD-Fenrir.wav
しょ	Chirp3-HD-Gacrux	splice	しょしょしょしょしょしょしょしょしょ→しょしょしょしょしょしょしょしょしょ | しょしょしょしょしょしょしょしょ→しょしょしょしょしょしょしょしょ | しょしょしょしょしょしょしょしょしょしょ→しょしょしょしょしょしょしょしょしょしょ	次のひらがなをよく聞いてください 笑 聞こえましたか→つぎのひらがなをよく’きいてください、わらい、き’こえまし’たか [しょ×0/carrier×0] | 次のひらがなをよく聞いてください 笑 聞こ 聞こえましたか→つぎのひらがなをよく’きいてください、わらい、き’こ、き’こえまし’たか [しょ×0/carrier×0] | 次のひらがなをよく聞いてください 笑 聴こえましたか→つぎのひらがなをよく’きいてください、わらい、き’こえまし’たか [しょ×0/carrier×0]	audio/o/しょ/Chirp3-HD-Gacrux.wav
しょ	Chirp3-HD-Iapetus	tile,splice	笑笑→わらわら	次のひらがなをよく聞いてください 笑 聞こえましたか→つぎのひらがなをよく’きいてください、わらい、き’こえまし’たか [しょ×0/carrier×0] | 次のひらがなをよく聴いてください 笑 聞こえましたか→つぎのひらがなをよく’きいてください、わらい、き’こえまし’たか [しょ×0/carrier×0] | 次のひらがなをよく聞いてください 笑 聴こえましたか→つぎのひらがなをよく’きいてください、わらい、き’こえまし’たか [しょ×0/carrier×0]	audio/o/しょ/Chirp3-HD-Iapetus.wav
しょ	Chirp3-HD-Kore	tile,splice	笑→わらい	次のひらがなをよく聞いてください 笑 聞こえましたか→つぎのひらがなをよく’きいてください、わらい、き’こえまし’たか [しょ×0/carrier×0] | 次のひらがなをよく聴いてください 笑 聞こえましたか→つぎのひらがなをよく’きいてください、わらい、き’こえまし’たか [しょ×0/carrier×0] | 次のひらがなをよく聞いてください 笑 聞こ 聞こえましたか→つぎのひらがなをよく’きいてください、わらい、き’こ、き’こえまし’たか [しょ×0/carrier×0]	audio/o/しょ/Chirp3-HD-Kore.wav
しょ	Chirp3-HD-Laomedeia	splice	しょしょしょしょしょしょ→しょしょしょしょしょしょ | しょしょしょしょしょ→しょしょしょしょしょ | しょしょしょしょしょしょしょ→しょしょしょしょしょしょしょ	次のひらがなをよく聞いてください 笑 聞こえましたか→つぎのひらがなをよく’きいてください、わらい、き’こえまし’たか [しょ×0/carrier×0] | 次のひらがなをよく聞いてください 笑 聞こ 聞こえましたか→つぎのひらがなをよく’きいてください、わらい、き’こ、き’こえまし’たか [しょ×0/carrier×0]	audio/o/しょ/Chirp3-HD-Laomedeia.wav
しょ	Chirp3-HD-Leda	splice	しょしょしょしょしょ→しょしょしょしょしょ | しょしょしょしょしょしょ→しょしょしょしょしょしょ	次のひらがなをよく聞いてください 笑 聞こ 聞こえましたか→つぎのひらがなをよく’きいてください、わらい、き’こ、き’こえまし’たか [しょ×0/carrier×0] | 次のひらがなをよく聞いてください 笑 聞こえましたか→つぎのひらがなをよく’きいてください、わらい、き’こえまし’たか [しょ×0/carrier×0] | 次のひらがなをよく聞いてください 笑 聴こえましたか→つぎのひらがなをよく’きいてください、わらい、き’こえまし’たか [しょ×0/carrier×0]	audio/o/しょ/Chirp3-HD-Leda.wav
しょ	Chirp3-HD-Pulcherrima	splice	しょしょしょしょしょしょしょしょ→しょしょしょしょしょしょしょしょ | しょしょしょしょしょしょしょ→しょしょしょしょしょしょしょ | しょしょしょしょしょしょしょしょしょ→しょしょしょしょしょしょしょしょしょ	次のひらがなをよく聞いてください 笑 聞こえましたか→つぎのひらがなをよく’きいてください、わらい、き’こえまし’たか [しょ×0/carrier×0] | 次のひらがなをよく聴いてください 笑 聞こえましたか→つぎのひらがなをよく’きいてください、わらい、き’こえまし’たか [しょ×0/carrier×0] | 次のひらがなをよく聞いてください 笑 聴こえましたか→つぎのひらがなをよく’きいてください、わらい、き’こえまし’たか [しょ×0/carrier×0]	audio/o/しょ/Chirp3-HD-Pulcherrima.wav
しょ	Chirp3-HD-Sadachbia	tile,splice	笑笑笑→わらわらわらい | 笑笑→わらわら	次のひらがなをよく聴いてください 笑 聞こえましたか→つぎのひらがなをよく’きいてください、わらい、き’こえまし’たか [しょ×0/carrier×0] | 次のひらがなをよく聞いてください 笑 聞こえましたか→つぎのひらがなをよく’きいてください、わらい、き’こえまし’たか [しょ×0/carrier×0] | 次のひらがなをよく聴いてください 笑 聴こえましたか→つぎのひらがなをよく’きいてください、わらい、き’こえまし’たか [しょ×0/carrier×0]	audio/o/しょ/Chirp3-HD-Sadachbia.wav
しょ	Chirp3-HD-Sadaltager	splice	しょしょしょしょ→しょしょしょしょ | しょしょしょ→しょしょしょ | しょしょしょしょしょ→しょしょしょしょしょ	次のひらがなをよく聞いてください笑笑 聞こえましたか→つぎのひらがなをよく’きいてくださいわらわら、き’こえまし’たか [しょ×0/carrier×0] | 次のひらがなをよく聞いてください 笑 聞こえましたか→つぎのひらがなをよく’きいてください、わらい、き’こえまし’たか [しょ×0/carrier×0] | 次のひらがなをよく聴いてください 笑 聞こえましたか→つぎのひらがなをよく’きいてください、わらい、き’こえまし’たか [しょ×0/carrier×0]	audio/o/しょ/Chirp3-HD-Sadaltager.wav
しょ	Chirp3-HD-Schedar	splice	(empty)	次のひらがなをよく聞いてください→つぎのひらがなをよく’きいてください [しょ×0/carrier×0] | 次のひらがなをよく聞いてくださいか→つぎのひらがなをよく’きいてくださいか [しょ×0/carrier×0] | 次のひらがなをよく聴いてください→つぎのひらがなをよく’きいてください [しょ×0/carrier×0]	audio/o/しょ/Chirp3-HD-Schedar.wav
しょ	Chirp3-HD-Umbriel	splice	しょうーしょーしょーしょーしょ→しょうしょしょしょしょ | しょうーしょーしょーしょーしょー→しょうしょしょしょしょ | しょうーしょーしょーしょーし→しょうしょしょしょし	次のひらがなをよく聞いてください→つぎのひらがなをよく’きいてください [しょ×0/carrier×0] | 次のひらがなをよく聞いてくださいか→つぎのひらがなをよく’きいてくださいか [しょ×0/carrier×0] | 次のひらがなをよく聞いてください 笑 聞こえましたか→つぎのひらがなをよく’きいてください、わらい、き’こえまし’たか [しょ×0/carrier×0]	audio/o/しょ/Chirp3-HD-Umbriel.wav
しょ	Chirp3-HD-Vindemiatrix	tile,splice	笑笑→わらわら | 笑笑笑→わらわらわらい	次のひらがなをよく聞いてください 笑 聞こえましたか→つぎのひらがなをよく’きいてください、わらい、き’こえまし’たか [しょ×0/carrier×0] | 次のひらがなをよく聴いてください 笑 聞こえましたか→つぎのひらがなをよく’きいてください、わらい、き’こえまし’たか [しょ×0/carrier×0]	audio/o/しょ/Chirp3-HD-Vindemiatrix.wav
しょ	Chirp3-HD-Zephyr	tile,splice	ジョジョ→じょじょ	次のひらがなをよく聞いてください 以上聞こえましたか→つぎのひらがなをよく’きいてください、いじょき’こえまし’たか [しょ×0/carrier×0]	audio/o/しょ/Chirp3-HD-Zephyr.wav
しょ	Chirp3-HD-Zubenelgenubi	splice	しょうしょうしょうしょうしょ→しょうしょうしょうしょうしょ | しょうしょうしょう ショウしょ→しょうしょうしょう しょうしょ | しょうしょう ショウ しょうしょ→しょうしょう しょう しょうしょ	次のひらがなをよく聞いてください 笑 聞こえましたか→つぎのひらがなをよく’きいてください、わらい、き’こえまし’たか [しょ×0/carrier×0] | 次のひらがなをよく聴いてください 笑 聞こえましたか→つぎのひらがなをよく’きいてください、わらい、き’こえまし’たか [しょ×0/carrier×0] | 次のひらがなをよく聞いてください 笑 聴こえましたか→つぎのひらがなをよく’きいてください、わらい、き’こえまし’たか [しょ×0/carrier×0]	audio/o/しょ/Chirp3-HD-Zubenelgenubi.wav
しょ	Neural2-B	splice	しょしょしょしょしょしょ→しょしょしょしょしょしょ | しょしょしょしょしょ→しょしょしょしょしょ | しょしょしょしょしょしょしょ→しょしょしょしょしょしょしょ	次のひらがなをよく聴いてください 笑 聞こえましたか→つぎのひらがなをよく’きいてください、わらい、き’こえまし’たか [しょ×0/carrier×0] | 次のひらがなをよく聞いてください 笑 聞こえましたか→つぎのひらがなをよく’きいてください、わらい、き’こえまし’たか [しょ×0/carrier×0] | 次のひらがなをよく聴いてください 笑 聴こえましたか→つぎのひらがなをよく’きいてください、わらい、き’こえまし’たか [しょ×0/carrier×0]	audio/o/しょ/Neural2-B.wav
しょ	Standard-A	splice	しょしょ→しょしょ | しょ→しょ	次のひらがなをよく聞いてください 笑 聞こえましたか→つぎのひらがなをよく’きいてください、わらい、き’こえまし’たか [しょ×0/carrier×0] | 次のひらがなをよく聴いてください 笑 聞こえましたか→つぎのひらがなをよく’きいてください、わらい、き’こえまし’たか [しょ×0/carrier×0]	audio/o/しょ/Standard-A.wav
しょ	Wavenet-A	splice	しょしょしょしょしょしょ→しょしょしょしょしょしょ | しょしょしょしょしょ→しょしょしょしょしょ | しょしょしょしょしょしょしょ→しょしょしょしょしょしょしょ	次のひらがなをよく聴いてください 笑 聞こえましたか→つぎのひらがなをよく’きいてください、わらい、き’こえまし’たか [しょ×0/carrier×0] | 次のひらがなをよく聞いてください 笑 聞こえましたか→つぎのひらがなをよく’きいてください、わらい、き’こえまし’たか [しょ×0/carrier×0] | 次のひらがなをよく聴いてください 笑 聴こえましたか→つぎのひらがなをよく’きいてください、わらい、き’こえまし’たか [しょ×0/carrier×0]	audio/o/しょ/Wavenet-A.wav
じょ	Chirp3-HD-Achird	splice	(empty)	次のひらがなをよく聞いてください 上 聞こえましたか→つぎのひらがなをよく’きいてください、うえ、き’こえまし’たか [じょ×0/carrier×0]	audio/o/じょ/Chirp3-HD-Achird.wav
じょ	Chirp3-HD-Alnilam	splice	上場→じょじょ | 上 上→うえ、うえ	次のひらがなをよく聞いてください じゃあ聞こえましたか→つぎのひらがなをよく’きいてください、じゃき’こえまし’たか [じょ×0/carrier×0] | 次のひらがなをよく聞いてください 上 聞こえましたか→つぎのひらがなをよく’きいてください、うえ、き’こえまし’たか [じょ×0/carrier×0]	audio/o/じょ/Chirp3-HD-Alnilam.wav
じょ	Chirp3-HD-Aoede	splice	じょじょじょじょじょ→じょじょじょじょじょ | じょじょじょじょじ→じょじょじょじょじ | じょじょじょじょ→じょじょじょじょ	次のひらがなをよく聞いてください 上 聞こえましたか→つぎのひらがなをよく’きいてください、うえ、き’こえまし’たか [じょ×0/carrier×0] | 次のひらがなをよく聞いてください 上尾 聞こえましたか→つぎのひらがなをよく’きいてください、あげお、き’こえまし’たか [じょ×0/carrier×0] | 次のひらがなをよく聴いてください 上 聞こえましたか→つぎのひらがなをよく’きいてください、うえ、き’こえまし’たか [じょ×0/carrier×0]	audio/o/じょ/Chirp3-HD-Aoede.wav
じょ	Chirp3-HD-Autonoe	splice	上場→じょじょ | 上 上→うえ、うえ	次のひらがなをよく聞いてください→つぎのひらがなをよく’きいてください [じょ×0/carrier×0] | 次のひらがなをよく聞いてくださいか→つぎのひらがなをよく’きいてくださいか [じょ×0/carrier×0] | 次のひらがなをよく聴いてください→つぎのひらがなをよく’きいてください [じょ×0/carrier×0]	audio/o/じょ/Chirp3-HD-Autonoe.wav
じょ	Chirp3-HD-Charon	splice	上場→じょじょ	次のひらがなをよく聞いてください 上尾 聞こえましたか→つぎのひらがなをよく’きいてください、あげお、き’こえまし’たか [じょ×0/carrier×0] | 次のひらがなをよく聞いてください→つぎのひらがなをよく’きいてください [じょ×0/carrier×0] | 次のひらがなをよく聴いてください→つぎのひらがなをよく’きいてください [じょ×0/carrier×0]	audio/o/じょ/Chirp3-HD-Charon.wav
じょ	Chirp3-HD-Despina	splice	上 上→うえ、うえ | 上場→じょじょ | 上上上→じょじょじょ	次のひらがなをよく聞いてください 上 聞こえましたか→つぎのひらがなをよく’きいてください、うえ、き’こえまし’たか [じょ×0/carrier×0]	audio/o/じょ/Chirp3-HD-Despina.wav
じょ	Chirp3-HD-Enceladus	splice	上場→じょじょ | 上 上→うえ、うえ	次のひらがなをよく聞いてください 上 聞こえましたか→つぎのひらがなをよく’きいてください、うえ、き’こえまし’たか [じょ×0/carrier×0]	audio/o/じょ/Chirp3-HD-Enceladus.wav
じょ	Chirp3-HD-Erinome	splice	上場→じょじょ | 上 上→うえ、うえ	次のひらがなをよく聞いてください 上 聞こえましたか→つぎのひらがなをよく’きいてください、うえ、き’こえまし’たか [じょ×0/carrier×0] | 次のひらがなをよく聞いてください 上:聞こえましたか→つぎのひらがなをよく’きいてください、うえ、き’こえまし’たか [じょ×0/carrier×0] | 次のひらがなをよく聴いてください 上 聞こえましたか→つぎのひらがなをよく’きいてください、うえ、き’こえまし’たか [じょ×0/carrier×0]	audio/o/じょ/Chirp3-HD-Erinome.wav
じょ	Chirp3-HD-Gacrux	splice	(non-Japanese)	次のひらがなをよく聞いてください じゃあ聞こえましたか→つぎのひらがなをよく’きいてください、じゃき’こえまし’たか [じょ×0/carrier×0]	audio/o/じょ/Chirp3-HD-Gacrux.wav
じょ	Chirp3-HD-Kore	splice	(empty)	次のひらがなをよく聞いてください じゃあ聞こえましたか→つぎのひらがなをよく’きいてください、じゃき’こえまし’たか [じょ×0/carrier×0]	audio/o/じょ/Chirp3-HD-Kore.wav
じょ	Chirp3-HD-Leda	splice	上場→じょじょ | 上 上→うえ、うえ | 上上上→じょじょじょ	次のひらがなをよく聞いてください 上 聞こえましたか→つぎのひらがなをよく’きいてください、うえ、き’こえまし’たか [じょ×0/carrier×0]	audio/o/じょ/Chirp3-HD-Leda.wav
じょ	Chirp3-HD-Orus	splice	じょじょじょじょじょ→じょじょじょじょじょ | じょじょじょじょじ→じょじょじょじょじ | じょじょじょじょ→じょじょじょじょ	次のひらがなをよく聞いてください 女 聞こえましたか→つぎのひらがなをよく’きいてください、おんな、き’こえまし’たか [じょ×0/carrier×0]	audio/o/じょ/Chirp3-HD-Orus.wav
じょ	Chirp3-HD-Sulafat	splice	じょジョージ→じょじょじ	次のひらがなをよく聞いてください じゃあ聞こえましたか→つぎのひらがなをよく’きいてください、じゃき’こえまし’たか [じょ×0/carrier×0] | 次のひらがなをよく聞いてください じゃ聞こえましたか→つぎのひらがなをよく’きいてください、じゃき’こえまし’たか [じょ×0/carrier×0]	audio/o/じょ/Chirp3-HD-Sulafat.wav
じょ	Chirp3-HD-Vindemiatrix	splice	上場→じょじょ | 上 上→うえ、うえ | 上上上→じょじょじょ	次のひらがなをよく聞いてください 上 聞こえましたか→つぎのひらがなをよく’きいてください、うえ、き’こえまし’たか [じょ×0/carrier×0] | 次のひらがなをよく聞いてください→つぎのひらがなをよく’きいてください [じょ×0/carrier×0]	audio/o/じょ/Chirp3-HD-Vindemiatrix.wav
ぞ	Chirp3-HD-Iapetus	splice	増税→ぞぜ	次のひらがなをよく聞いてください→つぎのひらがなをよく’きいてください [ぞ×0/carrier×0] | 次のひらがなをよく聞いてください聞こえましたか→つぎのひらがなをよく’きいてくださいき’こえまし’たか [ぞ×0/carrier×0] | 次のひらがなをよく聴いてください→つぎのひらがなをよく’きいてください [ぞ×0/carrier×0]	audio/o/ぞ/Chirp3-HD-Iapetus.wav
ぞ	Chirp3-HD-Leda	tile	そうそう→そうそう | そうそうそう→そうそうそう	次のひらがなをよく聞いてください象 聞こえましたか→つぎのひらがなをよく’きいてくださいぞ、き’こえまし’たか [ぞ×1/carrier×0] | 次のひらがなをよく聞いてください そう聞こえましたか→つぎのひらがなをよく’きいてください、そき’こえまし’たか [ぞ×0/carrier×0]	audio/o/ぞ/Chirp3-HD-Leda.wav
ちょ	Chirp3-HD-Alnilam	tile,splice	女王→じょお	次のひらがなをよく聞いてください 女王 聞こえましたか→つぎのひらがなをよく’きいてください、じょお、き’こえまし’たか [ちょ×0/carrier×0] | 次のひらがなをよく聴いてください 女王 聞こえましたか→つぎのひらがなをよく’きいてください、じょお、き’こえまし’たか [ちょ×0/carrier×0]	audio/o/ちょ/Chirp3-HD-Alnilam.wav
ちょ	Chirp3-HD-Autonoe	splice	超→ちょ | 超超→ちょちょ	次のひらがなをよく聞いてください→つぎのひらがなをよく’きいてください [ちょ×0/carrier×0] | 次のひらがなをよく聞いてくださいか→つぎのひらがなをよく’きいてくださいか [ちょ×0/carrier×0] | 次のひらがなをよく聞いて下さい→つぎのひらがなをよく’きいてください [ちょ×0/carrier×0]	audio/o/ちょ/Chirp3-HD-Autonoe.wav
ちょ	Chirp3-HD-Charon	tile	じょじょじょじょじょ→じょじょじょじょじょ | じょじょじょじょじょじょ→じょじょじょじょじょじょ | じょじょじょじょ→じょじょじょじょ	次のひらがなをよく聞いてください ちょ 聞こえましたか→つぎのひらがなをよく’きいてください、ちょ、き’こえまし’たか [ちょ×1/carrier×0] | 次のひらがなをよく聞いてください 著聞こえましたか→つぎのひらがなをよく’きいてください、ちょき’こえまし’たか [ちょ×1/carrier×0]	audio/o/ちょ/Chirp3-HD-Charon.wav
ちょ	Chirp3-HD-Gacrux	tile,splice	じょじょじょじょじょ→じょじょじょじょじょ | じょじょじょじょじょじょ→じょじょじょじょじょじょ | じょじょじょじょじょじ→じょじょじょじょじょじ	次のひらがなをよく聞いてくださいじょ 聞こえましたか→つぎのひらがなをよく’きいてくださいじょ、き’こえまし’たか [ちょ×0/carrier×0] | 次のひらがなをよく聞いてくださいじょ 聴こえましたか→つぎのひらがなをよく’きいてくださいじょ、き’こえまし’たか [ちょ×0/carrier×0]	audio/o/ちょ/Chirp3-HD-Gacrux.wav
ちょ	Chirp3-HD-Iapetus	splice	超超→ちょちょ	次のひらがなをよく聞いてください→つぎのひらがなをよく’きいてください [ちょ×0/carrier×0] | 次のひらがなをよく聞いてくださいか→つぎのひらがなをよく’きいてくださいか [ちょ×0/carrier×0] | 次のひらがなをよく聴いてください→つぎのひらがなをよく’きいてください [ちょ×0/carrier×0]	audio/o/ちょ/Chirp3-HD-Iapetus.wav
ちょ	Chirp3-HD-Orus	splice	(empty)	次のひらがなをよく聞いてください聞こえましたか→つぎのひらがなをよく’きいてくださいき’こえまし’たか [ちょ×0/carrier×0] | 次のひらがなをよく聞いてください→つぎのひらがなをよく’きいてください [ちょ×0/carrier×0] | 次のひらがなをよく聞いてくださいか→つぎのひらがなをよく’きいてくださいか [ちょ×0/carrier×0]	audio/o/ちょ/Chirp3-HD-Orus.wav
ちょ	Chirp3-HD-Rasalgethi	tile	じょじょじょじょ→じょじょじょじょ | じょじょじょじ→じょじょじょじ | じょじょじょ→じょじょじょ	次のひらがなをよく聞いてください ちょ 聞こえましたか→つぎのひらがなをよく’きいてください、ちょ、き’こえまし’たか [ちょ×1/carrier×0] | 次のひらがなをよく聴いてください ちょ 聞こえましたか→つぎのひらがなをよく’きいてください、ちょ、き’こえまし’たか [ちょ×1/carrier×0]	audio/o/ちょ/Chirp3-HD-Rasalgethi.wav
ちょ	Chirp3-HD-Zubenelgenubi	tile	じょじょじょ→じょじょじょ | じょじょじょじょ→じょじょじょじょ | じょじょ→じょじょ	次のひらがなをよく聞いてください ちょ 聞こえましたか→つぎのひらがなをよく’きいてください、ちょ、き’こえまし’たか [ちょ×1/carrier×0] | 次のひらがなをよく聞いてください 著聞こえましたか→つぎのひらがなをよく’きいてください、ちょき’こえまし’たか [ちょ×1/carrier×0]	audio/o/ちょ/Chirp3-HD-Zubenelgenubi.wav
ちょ	Standard-A	tile	じょじょじょ→じょじょじょ | じょじょじょじょ→じょじょじょじょ | じょじょ→じょじょ	次のひらがなをよく聞いてください ちょ 聞こえましたか→つぎのひらがなをよく’きいてください、ちょ、き’こえまし’たか [ちょ×1/carrier×0] | 次のひらがなをよく聞いてください 著聞こえましたか→つぎのひらがなをよく’きいてください、ちょき’こえまし’たか [ちょ×1/carrier×0] | 次のひらがなをよく聴いてください ちょ 聞こえましたか→つぎのひらがなをよく’きいてください、ちょ、き’こえまし’たか [ちょ×1/carrier×0]	audio/o/ちょ/Standard-A.wav
しゅ	Chirp3-HD-Achernar	splice	しゅしゅしゅしゅ→しゅしゅしゅしゅ | しゅ シュシュシュ→しゅ しゅしゅしゅ | しゅしゅしゅしゅしゅ→しゅしゅしゅしゅしゅ	次のひらがなをよく聞いてください主 聞こえましたか→つぎのひらがなをよく’きいてくださいおも、き’こえまし’たか [しゅ×0/carrier×0]	audio/u/しゅ/Chirp3-HD-Achernar.wav
しゅ	Chirp3-HD-Autonoe	splice	しゅしゅしゅしゅしゅしゅしゅしゅしゅ→しゅしゅしゅしゅしゅしゅしゅしゅしゅ | しゅしゅしゅしゅしゅしゅしゅしゅ→しゅしゅしゅしゅしゅしゅしゅしゅ | しゅしゅしゅしゅしゅしゅしゅ→しゅしゅしゅしゅしゅしゅしゅ	次のひらがなをよく聞いてください主 聞こえましたか→つぎのひらがなをよく’きいてくださいおも、き’こえまし’たか [しゅ×0/carrier×0]	audio/u/しゅ/Chirp3-HD-Autonoe.wav
しゅ	Chirp3-HD-Callirrhoe	tile	しししししししし→しししししししし | ししししししししし→ししししししししし | しししししししししし→しししししししししし	次のひらがなをよく聞いてください しゅ 聞こえましたか→つぎのひらがなをよく’きいてください、しゅ、き’こえまし’たか [しゅ×1/carrier×0] | 次のひらがなをよく聞いてください主 聞こえましたか→つぎのひらがなをよく’きいてくださいおも、き’こえまし’たか [しゅ×0/carrier×0] | 次のひらがなをよく聞いて下さい しゅ 聞こえましたか→つぎのひらがなをよく’きいてください、しゅ、き’こえまし’たか [しゅ×1/carrier×0]	audio/u/しゅ/Chirp3-HD-Callirrhoe.wav
しゅ	Chirp3-HD-Charon	splice	しゅうしゅしゅしゅしゅしゅしゅ→しゅうしゅしゅしゅしゅしゅしゅ | しゅうしゅしゅしゅしゅしゅ→しゅうしゅしゅしゅしゅしゅ | しゅうしゅしゅしゅしゅ→しゅうしゅしゅしゅしゅ	次のひらがなをよく聞いてください主 聞こえましたか→つぎのひらがなをよく’きいてくださいおも、き’こえまし’たか [しゅ×0/carrier×0]	audio/u/しゅ/Chirp3-HD-Charon.wav
しゅ	Chirp3-HD-Gacrux	splice	しゅしゅ→しゅしゅ | しゅしゅしゅ→しゅしゅしゅ	次のひらがなをよく聞いてください主 聞こえましたか→つぎのひらがなをよく’きいてくださいおも、き’こえまし’たか [しゅ×0/carrier×0]	audio/u/しゅ/Chirp3-HD-Gacrux.wav
しゅ	Chirp3-HD-Kore	splice	しゅしゅしゅしゅしゅしゅしゅしゅ→しゅしゅしゅしゅしゅしゅしゅしゅ | しゅしゅしゅしゅしゅしゅしゅ→しゅしゅしゅしゅしゅしゅしゅ | しゅうしゅしゅしゅしゅ→しゅうしゅしゅしゅしゅ	次のひらがなをよく聞いてください主 聞こえましたか→つぎのひらがなをよく’きいてくださいおも、き’こえまし’たか [しゅ×0/carrier×0] | 次のひらがなをよく聴いてください主 聞こえましたか→つぎのひらがなをよく’きいてくださいおも、き’こえまし’たか [しゅ×0/carrier×0]	audio/u/しゅ/Chirp3-HD-Kore.wav
しゅ	Chirp3-HD-Rasalgethi	splice	しゅしゅしゅしゅ→しゅしゅしゅしゅ	次のひらがなをよく聞いてください主 聞こえましたか→つぎのひらがなをよく’きいてくださいおも、き’こえまし’たか [しゅ×0/carrier×0] | 次のひらがなをよく聴いてください主 聞こえましたか→つぎのひらがなをよく’きいてくださいおも、き’こえまし’たか [しゅ×0/carrier×0]	audio/u/しゅ/Chirp3-HD-Rasalgethi.wav
しゅ	Chirp3-HD-Umbriel	splice	主将→しゅ’しょ	次のひらがなをよく聞いてください主 聞こえましたか→つぎのひらがなをよく’きいてくださいおも、き’こえまし’たか [しゅ×0/carrier×0]	audio/u/しゅ/Chirp3-HD-Umbriel.wav
しゅ	Chirp3-HD-Vindemiatrix	splice	修習→しゅしゅ | 周しゅうしゅうしゅうしゅう→しゅしゅしゅしゅしゅ | 周しゅうしゅうしゅうしゅうしゅう→しゅしゅしゅしゅしゅしゅ	次のひらがなをよく聞いてください笑笑 聞こえましたか→つぎのひらがなをよく’きいてくださいわらわら、き’こえまし’たか [しゅ×0/carrier×0] | 次のひらがなをよく聞いてください 笑 聞こえましたか→つぎのひらがなをよく’きいてください、わらい、き’こえまし’たか [しゅ×0/carrier×0]	audio/u/しゅ/Chirp3-HD-Vindemiatrix.wav
しゅ	Neural2-B	splice	しゅしゅしゅ→しゅしゅしゅ | しゅしゅしゅしゅ→しゅしゅしゅしゅ | しゅしゅ→しゅしゅ	次のひらがなをよく聴いてください主 聞こえましたか→つぎのひらがなをよく’きいてくださいおも、き’こえまし’たか [しゅ×0/carrier×0] | 次のひらがなをよく聞いてください主 聞こえましたか→つぎのひらがなをよく’きいてくださいおも、き’こえまし’たか [しゅ×0/carrier×0]	audio/u/しゅ/Neural2-B.wav
しゅ	Standard-A	splice	しゅしゅしゅしゅ→しゅしゅしゅしゅ | しゅしゅしゅ→しゅしゅしゅ | しゅしゅ→しゅしゅ	次のひらがなをよく聞いてください主 聞こえましたか→つぎのひらがなをよく’きいてくださいおも、き’こえまし’たか [しゅ×0/carrier×0] | 次のひらがなをよく聴いてください主 聞こえましたか→つぎのひらがなをよく’きいてくださいおも、き’こえまし’たか [しゅ×0/carrier×0]	audio/u/しゅ/Standard-A.wav
しゅ	Wavenet-A	splice	しゅしゅしゅ→しゅしゅしゅ | しゅしゅしゅしゅ→しゅしゅしゅしゅ | しゅしゅ→しゅしゅ	次のひらがなをよく聴いてください主 聞こえましたか→つぎのひらがなをよく’きいてくださいおも、き’こえまし’たか [しゅ×0/carrier×0] | 次のひらがなをよく聞いてください主 聞こえましたか→つぎのひらがなをよく’きいてくださいおも、き’こえまし’たか [しゅ×0/carrier×0]	audio/u/しゅ/Wavenet-A.wav
じゅ	Chirp3-HD-Puck	splice	(non-Japanese)	次のひらがなをよく聞いてください中 聞こえましたか→つぎのひらがなをよく’きいてくださいなか、き’こえまし’たか [じゅ×0/carrier×0] | 次のひらがなをよく聴いてください中 聞こえましたか→つぎのひらがなをよく’きいてくださいなか、き’こえまし’たか [じゅ×0/carrier×0]	audio/u/じゅ/Chirp3-HD-Puck.wav
じゅ	Chirp3-HD-Umbriel	splice	受注中→じゅちゅちゅ | 受注→じゅちゅ	次のひらがなをよく聞いてください中 聞こえましたか→つぎのひらがなをよく’きいてくださいなか、き’こえまし’たか [じゅ×0/carrier×0] | 次のひらがなをよく聞いてください ちゅ 聞こえましたか→つぎのひらがなをよく’きいてください、ちゅ、き’こえまし’たか [じゅ×0/carrier×0]	audio/u/じゅ/Chirp3-HD-Umbriel.wav
す	Chirp3-HD-Alnilam	splice	す→す	次のひらがなをよく聞いてください→つぎのひらがなをよく’きいてください [す×0/carrier×0] | 次のひらがなをよく聴いてください→つぎのひらがなをよく’きいてください [す×0/carrier×0] | 次のひらがなをよく聞いてください聞こえましたか→つぎのひらがなをよく’きいてくださいき’こえまし’たか [す×0/carrier×0]	audio/u/す/Chirp3-HD-Alnilam.wav
す	Chirp3-HD-Aoede	splice	(empty)	次のひらがなをよく聞いてください→つぎのひらがなをよく’きいてください [す×0/carrier×0] | 次のひらがなをよく聴いてください→つぎのひらがなをよく’きいてください [す×0/carrier×0] | 次のひらがなをよく聞いてくださいつう聞こえましたか→つぎのひらがなをよく’きいてくださいつき’こえまし’たか [す×0/carrier×0]	audio/u/す/Chirp3-HD-Aoede.wav
す	Chirp3-HD-Autonoe	splice	すすす→すすす	次のひらがなをよく聞いてください→つぎのひらがなをよく’きいてください [す×0/carrier×0] | 次のひらがなをよく聞いてください聞こえましたか→つぎのひらがなをよく’きいてくださいき’こえまし’たか [す×0/carrier×0] | 次のひらがなをよく聴いてください→つぎのひらがなをよく’きいてください [す×0/carrier×0]	audio/u/す/Chirp3-HD-Autonoe.wav
す	Chirp3-HD-Charon	splice	す→す | すす→すす	次のひらがなをよく聞いてください→つぎのひらがなをよく’きいてください [す×0/carrier×0] | 次のひらがなをよく聴いてください→つぎのひらがなをよく’きいてください [す×0/carrier×0] | 次のひらがなをよく聞いてくださいか→つぎのひらがなをよく’きいてくださいか [す×0/carrier×0]	audio/u/す/Chirp3-HD-Charon.wav
す	Chirp3-HD-Iapetus	splice	す 酢→す、す	次のひらがなをよく聞いてください聞こえましたか→つぎのひらがなをよく’きいてくださいき’こえまし’たか [す×0/carrier×0] | 次のひらがなをよく聴いてください聞こえましたか→つぎのひらがなをよく’きいてくださいき’こえまし’たか [す×0/carrier×0] | 次のひらがなをよく聞いてください→つぎのひらがなをよく’きいてください [す×0/carrier×0]	audio/u/す/Chirp3-HD-Iapetus.wav
す	Chirp3-HD-Kore	splice	スーツ→すつ	次のひらがなをよく聞いてください2 聞こえましたか→つぎのひらがなをよく’きいてくださいに、き’こえまし’たか [す×0/carrier×0] | 次のひらがなをよく聞いてくださいつう聞こえましたか→つぎのひらがなをよく’きいてくださいつき’こえまし’たか [す×0/carrier×0] | 次のひらがなをよく聞いてください→つぎのひらがなをよく’きいてください [す×0/carrier×0]	audio/u/す/Chirp3-HD-Kore.wav
す	Chirp3-HD-Laomedeia	tile,splice	つつつ→つつつ	次のひらがなをよく聞いてください2 聞こえましたか→つぎのひらがなをよく’きいてくださいに、き’こえまし’たか [す×0/carrier×0] | 次のひらがなをよく聞いてください→つぎのひらがなをよく’きいてください [す×0/carrier×0] | 次のひらがなをよく聞いてくださいつ聞こえましたか→つぎのひらがなをよく’きいてくださいつ’きこえまし’たか [す×0/carrier×0]	audio/u/す/Chirp3-HD-Laomedeia.wav
す	Chirp3-HD-Leda	tile,splice	つずつ→つずつ	次のひらがなをよく聞いてくださいず 聞こえましたか→つぎのひらがなをよく’きいてくださいず、き’こえまし’たか [す×0/carrier×0] | 次のひらがなをよく聞いてくださいつ聞こえましたか→つぎのひらがなをよく’きいてくださいつ’きこえまし’たか [す×0/carrier×0] | 次のひらがなをよく聞いて下さいず 聞こえましたか→つぎのひらがなをよく’きいてくださいず、き’こえまし’たか [す×0/carrier×0]	audio/u/す/Chirp3-HD-Leda.wav
す	Chirp3-HD-Sadachbia	splice	ツーツーツーツーツー→つつつつつ | ツーツーツーツースー→つつつつす | つツーツーツーツー→つつつつつ	次のひらがなをよく聴いてください2 聞こえましたか→つぎのひらがなをよく’きいてくださいに、き’こえまし’たか [す×0/carrier×0] | 次のひらがなをよく聞いてください2 聞こえましたか→つぎのひらがなをよく’きいてくださいに、き’こえまし’たか [す×0/carrier×0] | 次のひらがなをよく聴いてくださいつう聞こえましたか→つぎのひらがなをよく’きいてくださいつき’こえまし’たか [す×0/carrier×0]	audio/u/す/Chirp3-HD-Sadachbia.wav
す	Chirp3-HD-Umbriel	splice	スーツ→すつ	次のひらがなをよく聞いてください2 聞こえましたか→つぎのひらがなをよく’きいてくださいに、き’こえまし’たか [す×0/carrier×0] | 次のひらがなをよく聞いてくださいつう聞こえましたか→つぎのひらがなをよく’きいてくださいつき’こえまし’たか [す×0/carrier×0]	audio/u/す/Chirp3-HD-Umbriel.wav
ず	Chirp3-HD-Algieba	splice	(empty)	次のひらがなをよく聞いてください→つぎのひらがなをよく’きいてください [ず×0/carrier×0] | 次のひらがなをよく聞いてください うー 聞こえましたか→つぎのひらがなをよく’きいてください、う、き’こえまし’たか [ず×0/carrier×0] | 次のひらがなをよく聴いてください→つぎのひらがなをよく’きいてください [ず×0/carrier×0]	audio/u/ず/Chirp3-HD-Algieba.wav
ちゅ	Chirp3-HD-Achernar	tile	中中→なかなか	次のひらがなをよく聞いてください中 聞こえましたか→つぎのひらがなをよく’きいてくださいなか、き’こえまし’たか [ちゅ×0/carrier×0] | 次のひらがなをよく聞いてくださいちゅう 聞こえましたか→つぎのひらがなをよく’きいてくださいちゅ、き’こえまし’たか [ちゅ×1/carrier×0]	audio/u/ちゅ/Chirp3-HD-Achernar.wav
ちゅ	Chirp3-HD-Achird	splice	受注→じゅちゅ | 中朝→ちゅあさ	次のひらがなをよく聞いてください中 聞こえましたか→つぎのひらがなをよく’きいてくださいなか、き’こえまし’たか [ちゅ×0/carrier×0]	audio/u/ちゅ/Chirp3-HD-Achird.wav
ちゅ	Chirp3-HD-Algenib	splice	ちゅちゅ→ちゅちゅ | ちゅちゅちゅ→ちゅちゅちゅ | ちゅ→ちゅ	次のひらがなをよく聴いてください中 聞こえましたか→つぎのひらがなをよく’きいてくださいなか、き’こえまし’たか [ちゅ×0/carrier×0] | 次のひらがなをよく聞いてください中 聞こえましたか→つぎのひらがなをよく’きいてくださいなか、き’こえまし’たか [ちゅ×0/carrier×0]	audio/u/ちゅ/Chirp3-HD-Algenib.wav
ちゅ	Chirp3-HD-Gacrux	tile	中中→なかなか	次のひらがなをよく聞いてください中 聞こえましたか→つぎのひらがなをよく’きいてくださいなか、き’こえまし’たか [ちゅ×0/carrier×0] | 次のひらがなをよく聞いてくださいちゅう 聞こえましたか→つぎのひらがなをよく’きいてくださいちゅ、き’こえまし’たか [ちゅ×1/carrier×0] | 次のひらがなをよく聞いてください中 聞えましたか→つぎのひらがなをよく’きいてくださいなか、き’こえまし’たか [ちゅ×0/carrier×0]	audio/u/ちゅ/Chirp3-HD-Gacrux.wav
ちゅ	Chirp3-HD-Sadaltager	splice	受注→じゅちゅ	次のひらがなをよく聞いてください中 聞こえましたか→つぎのひらがなをよく’きいてくださいなか、き’こえまし’たか [ちゅ×0/carrier×0]	audio/u/ちゅ/Chirp3-HD-Sadaltager.wav
ちゅ	Chirp3-HD-Schedar	tile,splice	しゅしゅしゅしゅしゅしゅしゅしゅ→しゅしゅしゅしゅしゅしゅしゅしゅ | しゅしゅしゅしゅしゅしゅしゅ→しゅしゅしゅしゅしゅしゅしゅ | しゅしゅしゅしゅしゅしゅしゅしゅしゅ→しゅしゅしゅしゅしゅしゅしゅしゅしゅ	次のひらがなをよく聞いてください しゅ 聞こえましたか→つぎのひらがなをよく’きいてください、しゅ、き’こえまし’たか [ちゅ×0/carrier×0] | 次のひらがなをよく聞いてください主 聞こえましたか→つぎのひらがなをよく’きいてくださいおも、き’こえまし’たか [ちゅ×0/carrier×0] | 次のひらがなをよく聞いて下さい 主聞こえましたか→つぎのひらがなをよく’きいてください、しゅ’きこえまし’たか [ちゅ×0/carrier×0]	audio/u/ちゅ/Chirp3-HD-Schedar.wav
ちゅ	Chirp3-HD-Zephyr	tile	中中→なかなか	次のひらがなをよく聞いてください中 聞こえましたか→つぎのひらがなをよく’きいてくださいなか、き’こえまし’たか [ちゅ×0/carrier×0] | 次のひらがなをよく聞いてくださいちゅう 聞こえましたか→つぎのひらがなをよく’きいてくださいちゅ、き’こえまし’たか [ちゅ×1/carrier×0]	audio/u/ちゅ/Chirp3-HD-Zephyr.wav
ちゅ	Wavenet-C	tile,splice	しゅしゅしゅしゅしゅしゅしゅしゅしゅしゅしゅしゅ→しゅしゅしゅしゅしゅしゅしゅしゅしゅしゅしゅしゅ | しゅしゅしゅしゅしゅしゅしゅしゅしゅしゅしゅしゅしゅしゅ→しゅしゅしゅしゅしゅしゅしゅしゅしゅしゅしゅしゅしゅしゅ | しゅしゅしゅしゅしゅしゅしゅしゅしゅしゅしゅしゅしゅ→しゅしゅしゅしゅしゅしゅしゅしゅしゅしゅしゅしゅしゅ	次のひらがなをよく聞いてください主 聞こえましたか→つぎのひらがなをよく’きいてくださいおも、き’こえまし’たか [ちゅ×0/carrier×0] | 次のひらがなをよく聞いてください しゅ 聞こえましたか→つぎのひらがなをよく’きいてください、しゅ、き’こえまし’たか [ちゅ×0/carrier×0] | 次のひらがなをよく聴いてください主 聞こえましたか→つぎのひらがなをよく’きいてくださいおも、き’こえまし’たか [ちゅ×0/carrier×0]	audio/u/ちゅ/Wavenet-C.wav
つ	Chirp3-HD-Autonoe	splice	つ つっつっつ→つ つっつっつ | つ つっつ→つ つっつ | つつつ→つつつ	次のひらがなをよく聞いてください→つぎのひらがなをよく’きいてください [つ×1/carrier×1] | 次のひらがなをよく聞いて下さい→つぎのひらがなをよく’きいてください [つ×1/carrier×1] | 次のひらがなをよく聞いてくださいか→つぎのひらがなをよく’きいてくださいか [つ×1/carrier×1]	audio/u/つ/Chirp3-HD-Autonoe.wav
つ	Chirp3-HD-Schedar	splice	(empty)	次のひらがなをよく聞いてください聞こえましたか→つぎのひらがなをよく’きいてくださいき’こえまし’たか [つ×1/carrier×1] | 次のひらがなをよく聴いてください聞こえましたか→つぎのひらがなをよく’きいてくださいき’こえまし’たか [つ×1/carrier×1]	audio/u/つ/Chirp3-HD-Schedar.wav
